time,temperature,pressure,altitude
4.33,23.68,1011.11,0.49
1.23,23.66,1011.15,0.46
2.56,23.67,1011.18,0.32
4.11,23.68,1011.14,0.3
0.79,23.64,1011.13,0.3
1.46,23.66,1011.15,0.28
1.68,23.66,1011.14,0.24
3.67,23.68,1011.15,0.21
1.9,23.67,1011.17,0.21
3.89,23.67,1011.15,0.2
